PanelID;ModuleID;BusID;PhysicalAddress;LoopOrder;Label;AdrJbusCmsi;IndexZone;NumZD;Nom ZD
1;1;1;1;1;DI FERION R-1 GAL TECH LOCAL STE CHAUF.;1;1;90;ZDA PARKING S/SOL CIRCUL. PIETONS ET G.T
1;1;1;2;2;DI FERION R-1 GAL TECH LOCAL STE CHAUF.;2;1;90;ZDA PARKING S/SOL CIRCUL. PIETONS ET G.T
1;1;1;3;3;DI FERION R-1 GAL TECH LOCAL STE CHAUF.;3;1;90;ZDA PARKING S/SOL CIRCUL. PIETONS ET G.T
1;1;1;4;4;DI FERION R-1 GAL TECH LOCAL STE CHAUF.;4;1;90;ZDA PARKING S/SOL CIRCUL. PIETONS ET G.T
1;1;1;5;5;DI AUTHION R-1 GALERIE TECHNIQUE;5;1;90;ZDA PARKING S/SOL CIRCUL. PIETONS ET G.T
1;1;1;6;6;DI AUTHION R-1 GALERIE TECHNIQUE;6;1;90;ZDA PARKING S/SOL CIRCUL. PIETONS ET G.T
1;1;1;7;7;DI AUTHION R-1 GALERIE TECHNIQUE;7;1;90;ZDA PARKING S/SOL CIRCUL. PIETONS ET G.T
1;1;1;8;8;DI AUTHION R-1 GALERIE TECHNIQUE;8;1;90;ZDA PARKING S/SOL CIRCUL. PIETONS ET G.T
1;1;1;9;9;DI AUTHION R-1 GALERIE TECHNIQUE;9;1;90;ZDA PARKING S/SOL CIRCUL. PIETONS ET G.T
1;1;1;10;10;DM PELA R-1 GALERIE TECHNIQUE;10;2;94;ZDM PARKING S/S
1;1;1;11;11;DI PELA R-1 LOCAL E.V.M;11;3;93;ZDA PARKING S/SOL AUTRES LOCAUX
1;1;1;12;12;DI PELA R-1 NOYAU CENTRAL DEPOT;12;3;93;ZDA PARKING S/SOL AUTRES LOCAUX
1;1;1;13;13;DI PELA RDC CIRCULATION EST;13;4;8;ZDA PELA RDC CIRCULATION
1;1;1;14;14;DI PELA RDC CIRCULATION EST;14;4;8;ZDA PELA RDC CIRCULATION
1;1;1;15;15;DI PELA RDC DEPOT 1 (CIRCULATION EST);15;5;10;ZDA PELA RDC AUTRES LOCAUX
1;1;1;16;16;DI PELA RDC CIRCULATION NORD;16;4;8;ZDA PELA RDC CIRCULATION
1;1;1;17;17;DM PELA RDC CIRCULATION NORD;17;6;12;ZDM PELA RDC
1;1;1;18;18;DI PELA RDC CIRCULATION NORD;18;4;8;ZDA PELA RDC CIRCULATION
1;1;1;19;19;DI PELA RDC CIRCULATION NORD;19;4;8;ZDA PELA RDC CIRCULATION
1;1;1;20;20;DI PELA RDC CIRCUL NORD (ACCES COURRIER);20;4;8;ZDA PELA RDC CIRCULATION
1;1;1;21;21;DI PELA RDC CIRCUL NORD (ACCES COURRIER);21;4;8;ZDA PELA RDC CIRCULATION
1;1;1;22;22;DI PELA RDC ARCHIVES FACE BUREAU 9;22;5;10;ZDA PELA RDC AUTRES LOCAUX
1;1;1;23;23;DI PELA RDC ACCES SANITAIRE (CIRC. NORD);23;5;10;ZDA PELA RDC AUTRES LOCAUX
1;1;1;24;24;DI PELA RDC CIRCULATION NORD;24;4;8;ZDA PELA RDC CIRCULATION
1;1;1;25;25;DI PELA RDC DEPOT 2 (CIRCULATION NORD);25;5;10;ZDA PELA RDC AUTRES LOCAUX
1;1;1;26;26;DI PELA RDC DEPOT 3 (CIRCULATION NORD);26;5;10;ZDA PELA RDC AUTRES LOCAUX
1;1;1;27;27;DI PELA RDC CIRCULATION OUEST;27;4;8;ZDA PELA RDC CIRCULATION
1;1;1;28;28;DM PELA RDC CIRCULATION OUEST;28;6;12;ZDM PELA RDC
1;1;1;29;29;DI PELA RDC DEPOT 4 (CIRCULATION OUEST);29;5;10;ZDA PELA RDC AUTRES LOCAUX
1;1;1;30;30;DI PELA RDC ARCHIVES (VISITE MEDICALE);30;5;10;ZDA PELA RDC AUTRES LOCAUX
1;1;1;31;31;DI PELA RDC VISITE MEDICALE;31;11;9;ZDA PELA RDC LOCAUX COM.MEDICALE PERMIS 
1;1;1;32;32;DI PELA RDC VISITE MEDICALE;32;11;9;ZDA PELA RDC LOCAUX COM.MEDICALE PERMIS 
1;1;1;33;33;DI PELA RDC VISITE MEDICALE;33;11;9;ZDA PELA RDC LOCAUX COM.MEDICALE PERMIS 
1;1;1;34;34;DI PELA RDC VISITE MEDICALE;34;11;9;ZDA PELA RDC LOCAUX COM.MEDICALE PERMIS 
1;1;1;35;35;DI PELA RDC VISITE MEDICALE;35;11;9;ZDA PELA RDC LOCAUX COM.MEDICALE PERMIS 
1;1;1;36;36;DI PELA RDC CIRCULATION OUEST;36;4;8;ZDA PELA RDC CIRCULATION
1;1;1;37;37;DI PELA RDC CIRCULATION OUEST;37;4;8;ZDA PELA RDC CIRCULATION
1;1;1;38;38;DI AUTHION RDC CIRCULATION OUEST;38;12;50;ZDA AUTHION RDC AUTRES CIRCULATIONS
1;1;1;39;39;DI AUTHION RDC CIRCULATION OUEST;39;12;50;ZDA AUTHION RDC AUTRES CIRCULATIONS
1;1;1;40;40;DI AUTHION RDC HALL SALLE ATTENTE NORD;40;14;44;ZDA AUTHION/Mt Des M. RDC HALL ET CIRCUL
1;1;1;41;41;DI AUTHION RDC LOC TECH NORD/OUEST;41;15;48;ZDA AUTHION RDC AUTRES LOCAUX
1;1;1;42;42;DI AUTHION RDC TOILETTES NORD OUEST ;42;16;45;ZDA AUTHION RDC ARCHIVES 11
1;1;1;43;43;DI AUTHION RDC ARCHIVE LOCAL ETUDIANT ;43;12;50;ZDA AUTHION RDC AUTRES CIRCULATIONS
1;1;1;44;44;DI AUTHION RDC CIRCULATION VERS MT.DES.M;44;14;44;ZDA AUTHION/Mt Des M. RDC HALL ET CIRCUL
1;1;1;45;45;DI AUTHION RDC HALL LOCAL SUD;45;15;48;ZDA AUTHION RDC AUTRES LOCAUX
1;1;1;46;46;DI AUTHION RDC HALL LOCAL SUD;46;15;48;ZDA AUTHION RDC AUTRES LOCAUX
1;1;1;47;47;DI AUTHION RDC CIRCULATION VERS FERION;47;14;44;ZDA AUTHION/Mt Des M. RDC HALL ET CIRCUL
1;1;1;48;48;DI AUTHION RDC LOCAL MENAGE;48;15;48;ZDA AUTHION RDC AUTRES LOCAUX
1;1;1;49;49;DI AUTHION RDC LOCAL SUD/EST SIAT;49;15;48;ZDA AUTHION RDC AUTRES LOCAUX
1;1;1;50;50;DI AUTHION RDC LOCAL SUD/EST SIAT;50;15;48;ZDA AUTHION RDC AUTRES LOCAUX
1;1;1;51;51;DI AUTHION RDC HALL ACCUEIL ;51;14;44;ZDA AUTHION/Mt Des M. RDC HALL ET CIRCUL
1;1;1;52;52;DI AUTHION RDC HALL ACCUEIL ;52;14;44;ZDA AUTHION/Mt Des M. RDC HALL ET CIRCUL
1;1;1;53;53;DI AUTHION RDC HALL ACCUEIL ;53;14;44;ZDA AUTHION/Mt Des M. RDC HALL ET CIRCUL
1;1;1;54;54;DM AUTHION RDC HALL ACCUEIL ;54;18;51;ZDM AUTHION / Mt Des M. RDC
1;1;1;55;55;DI AUTHION RDC HALL ACCUEIL ;55;14;44;ZDA AUTHION/Mt Des M. RDC HALL ET CIRCUL
1;1;1;56;56;DI AUTHION RDC HALL ACCUEIL ;56;14;44;ZDA AUTHION/Mt Des M. RDC HALL ET CIRCUL
1;1;1;57;57;DI AUTHION RDC HALL ACCUEIL ;57;14;44;ZDA AUTHION/Mt Des M. RDC HALL ET CIRCUL
1;1;1;58;58;DI AUTHION RDC HALL ACCUEIL ;58;14;44;ZDA AUTHION/Mt Des M. RDC HALL ET CIRCUL
1;1;1;59;59;DM AUTHION RDC HALL ACCUEIL ;59;18;51;ZDM AUTHION / Mt Des M. RDC
1;1;1;60;60;DI AUTHION RDC HALL ACCUEIL ;60;14;44;ZDA AUTHION/Mt Des M. RDC HALL ET CIRCUL
1;1;1;61;61;DI AUTHION RDC HALL ACCUEIL ;61;14;44;ZDA AUTHION/Mt Des M. RDC HALL ET CIRCUL
1;1;1;62;62;DI AUTHION RDC HALL ACCUEIL ;62;14;44;ZDA AUTHION/Mt Des M. RDC HALL ET CIRCUL
1;1;1;63;63;DI AUTHION RDC HALL ACCUEIL ;63;14;44;ZDA AUTHION/Mt Des M. RDC HALL ET CIRCUL
1;1;1;64;64;DI AUTHION RDC HALL ACCUEIL ;64;14;44;ZDA AUTHION/Mt Des M. RDC HALL ET CIRCUL
1;1;1;65;65;DI AUTHION RDC HALL ACCUEIL ;65;14;44;ZDA AUTHION/Mt Des M. RDC HALL ET CIRCUL
1;1;1;66;66;DI AUTHION RDC HALL ACCUEIL ;66;14;44;ZDA AUTHION/Mt Des M. RDC HALL ET CIRCUL
1;1;1;67;67;DI AUTHION RDC HALL ACCUEIL ;67;14;44;ZDA AUTHION/Mt Des M. RDC HALL ET CIRCUL
1;1;1;68;68;DI AUTHION RDC HALL ACCUEIL ;68;14;44;ZDA AUTHION/Mt Des M. RDC HALL ET CIRCUL
1;1;1;69;69;DI AUTHION RDC HALL ACCUEIL ;69;14;44;ZDA AUTHION/Mt Des M. RDC HALL ET CIRCUL
1;1;1;70;70;DI AUTHION RDC HALL ACCUEIL ;70;14;44;ZDA AUTHION/Mt Des M. RDC HALL ET CIRCUL
1;1;1;71;71;DI AUTHION RDC POSTE DE POLICE;71;15;48;ZDA AUTHION RDC AUTRES LOCAUX
1;1;1;72;72;DI AUTHION RDC TGBT;72;15;48;ZDA AUTHION RDC AUTRES LOCAUX
1;1;1;73;73;DI AUTHION RDC CIRCULATION VERS PELA;73;14;44;ZDA AUTHION/Mt Des M. RDC HALL ET CIRCUL
1;1;1;74;74;DI AUTHION RDC CIRCULATION VERS PELA;74;14;44;ZDA AUTHION/Mt Des M. RDC HALL ET CIRCUL
1;1;1;75;75;DM AUTHION RDC ACCES AUTHION PAR LE PELA;75;18;51;ZDM AUTHION / Mt Des M. RDC
1;1;1;76;76;DI PELA RDC HALL;76;14;44;ZDA AUTHION/Mt Des M. RDC HALL ET CIRCUL
1;1;1;77;77;DI PELA R+1 CIRCULATION ;77;93;5;ZDA PELA R+1 CIRCULATION
1;1;1;78;78;DI PELA R+1 CIRCULATION ;78;93;5;ZDA PELA R+1 CIRCULATION
1;1;1;79;79;DI PELA R+1 CIRCULATION ;79;93;5;ZDA PELA R+1 CIRCULATION
1;1;1;80;80;DM PELA R+1 CIRCULATION ;80;94;11;ZDM PELA R+1 R+2 R+ 3  CIRCULATION
1;1;1;81;81;DI PELA R+2 CIRCULATION ;81;95;3;ZDA PELA R+2 CIRCULATION
1;1;1;82;82;DI PELA R+2 CIRCULATION ;82;95;3;ZDA PELA R+2 CIRCULATION
1;1;1;83;83;CCF PELA R+3 CIRCULATION ;83;9;100;DEFAUT DE POSITION D'ATTENTE CCF PELA
1;1;1;84;84;DI PELA R+2 CIRCULATION ;84;95;3;ZDA PELA R+2 CIRCULATION
1;1;1;85;85;DM PELA R+2 CIRCULATION ;85;94;11;ZDM PELA R+1 R+2 R+ 3  CIRCULATION
1;1;1;86;86;DI PELA R+3 CIRCULATION ;86;96;1;ZDA PELA R+3 CIRCULATION
1;1;1;87;87;DI PELA R+3 LOCAL MENAGE ;87;97;2;ZDA PELA R+3 LOCAUX
1;1;1;88;88;DI PELA R+3 CIRCULATION ;88;96;1;ZDA PELA R+3 CIRCULATION
1;1;1;89;89;DI PELA R+3 CIRCULATION ;89;96;1;ZDA PELA R+3 CIRCULATION
1;1;1;90;90;DM PELA R+3 CIRCULATION ;90;94;11;ZDM PELA R+1 R+2 R+ 3  CIRCULATION
1;1;1;91;91;DM PELA R-1 CIRCUL ACCES MACH ASC;91;2;94;ZDM PARKING S/S
1;1;1;92;92;DI PELA R-1 DEPOT 5;92;3;93;ZDA PARKING S/SOL AUTRES LOCAUX
1;1;1;93;93;DI PELA R-1 DEPOT 5;93;3;93;ZDA PARKING S/SOL AUTRES LOCAUX
1;1;1;94;94;DI PELA R-1 LOCAL TECHNIQUE MACH ASC.;94;3;93;ZDA PARKING S/SOL AUTRES LOCAUX
1;1;1;95;95;DI PELA R-1 DEPOT 6;95;3;93;ZDA PARKING S/SOL AUTRES LOCAUX
1;1;1;96;96;DI PELA R-1 LOCAL SATESE;96;3;93;ZDA PARKING S/SOL AUTRES LOCAUX
1;1;1;97;97;DI PELA R-1 PARKING 8;97;24;91;ZDA PARKING S/S PARKINGS VEHICULES
1;1;1;98;98;DI PELA R-1 PARKING 5;98;24;91;ZDA PARKING S/S PARKINGS VEHICULES
1;1;1;99;99;DI PELA R-1 SOUS STATION;99;3;93;ZDA PARKING S/SOL AUTRES LOCAUX
1;1;1;100;100;DI PELA R-1 LOCAL 2 ROUES (PAR GAL TECH);100;3;93;ZDA PARKING S/SOL AUTRES LOCAUX
1;1;1;101;101;DM PELA R-1 LOC 2 ROUES (PAR NOYAU CENT);101;2;94;ZDM PARKING S/S
1;1;1;102;102;DI AUTHION RDC VTP SSI HALL ACCUEIL;102;15;48;ZDA AUTHION RDC AUTRES LOCAUX
1;1;1;103;103;CCF PELA RDC HALL;103;9;100;DEFAUT DE POSITION D'ATTENTE CCF PELA
1;1;1;104;104;DI- AUTHION RDC POSTE DE POLICE;104;15;48;ZDA AUTHION RDC AUTRES LOCAUX
1;1;1;106;106;CCF AUTHION RDC CIRCULATION OUEST;106;127;201;DEFAUT POSITION ATTENTE CCF AUTHION/Mt M
1;1;1;107;107;CCF R+2 PELA CIRCULATION ;107;9;100;DEFAUT DE POSITION D'ATTENTE CCF PELA
1;1;1;108;108;PELA RDC LOCAL TECHNIQUE VDI;108;5;10;ZDA PELA RDC AUTRES LOCAUX
1;1;1;109;109;CCF R+1 PELA CIRCULATION ;109;9;100;DEFAUT DE POSITION D'ATTENTE CCF PELA
1;1;1;110;110;DI PELA 2EME Bureau 203;110;124;4;ZDA PELA R+2 DETECTION LOCAUX
1;1;1;111;111;DI PELA 2EME BUREAU 204;111;124;4;ZDA PELA R+2 DETECTION LOCAUX
1;1;2;1;1;DI FERION R-1 CIRCUL. ACCES CHAUFFERIE;126;84;190;ZDA PARKING S/SOL CIRCUL. PIETONS ET G.T
1;1;2;2;2;DI FERION R+4 LOCAL MENAGE;127;87;67;ZDA 67 LOCAUX R+4
1;1;2;3;3;DI FERION R+5 CCF NC;128;37;102;DEFAUT DE POSITION D'ATTENTE CCF FERION
1;1;2;4;4;FERION R+5 CCF BULLE B;129;37;102;DEFAUT DE POSITION D'ATTENTE CCF FERION
1;1;2;5;5;FERION R+6 CCF NC;130;37;102;DEFAUT DE POSITION D'ATTENTE CCF FERION
1;1;2;6;6; FERION R+6 BULLE B CIRCULATION;131;86;62;ZDA FERION R+6 CIRCULATION
1;1;2;7;7;DI FERION R+6 BULLE B CIRCULATION;132;86;62;ZDA FERION R+6 CIRCULATION
1;1;2;8;8;DM FERION BULLE B R+6 CIRCULATION;133;35;77;ZDM FERION R+1 a R+7+INTERMEDIAIRE 
1;1;2;9;9;DI FERION R+6 BULLE B CIRCULATION;134;86;62;ZDA FERION R+6 CIRCULATION
1;1;2;10;10;FERION R+6 CCF BULLE B;135;37;102;DEFAUT DE POSITION D'ATTENTE CCF FERION
1;1;2;11;11;DI FERION RDC BULLE A CIRCULATION SUD;136;28;79;ZDA FERION RDC CIRCUL. NON DESENFUMEE
1;1;2;12;12;DI FERION RDC BULLE C CIRCULATION SUD;137;28;79;ZDA FERION RDC CIRCUL. NON DESENFUMEE
1;1;2;13;13;DI FERION RDC BULLE C CIRCUL. SUD/EST;138;28;79;ZDA FERION RDC CIRCUL. NON DESENFUMEE
1;1;2;14;14;DM FERION RDC BULLE C CIRCUL. SUD/EST;139;29;82;ZDM FERION RDC
1;1;2;15;15;DI FERION RDC BULLE C CIRCUL. SUD/EST;140;28;79;ZDA FERION RDC CIRCUL. NON DESENFUMEE
1;1;2;16;16;DI FERION RDC BULLE A CIRCULATION EST;141;28;79;ZDA FERION RDC CIRCUL. NON DESENFUMEE
1;1;2;17;17;DI FERION RDC BULLE A CIRCUL. NORD/EST;142;30;78;ZDA FERION RDC CIRCULATION DESENFUMEE
1;1;2;18;18;DI FERION RDC BULLE A ARCHIVES NORD/EST;143;31;81;ZDA FERION RDC AUTRES LOCAUX
1;1;2;19;19;DI FERION RDC BULLE A CIRCULATION NORD;144;30;78;ZDA FERION RDC CIRCULATION DESENFUMEE
1;1;2;20;20;DI FERION RDC BULLE A CIRCULATION NORD;145;30;78;ZDA FERION RDC CIRCULATION DESENFUMEE
1;1;2;21;21;DI FERION RDC BULLE A CIRCULATION OUEST;146;30;78;ZDA FERION RDC CIRCULATION DESENFUMEE
1;1;2;22;22;DI FERION R+1 INT BULLE B DEPOT;147;32;76;ZDA FERION INTERMEDIAIRE 1
1;1;2;23;23;DI FERION RDC HALL ACCES PRINCIPAL;148;30;78;ZDA FERION RDC CIRCULATION DESENFUMEE
1;1;2;24;24;DM FERION RDC HALL ACCES PRINCIPAL;149;29;82;ZDM FERION RDC
1;1;2;25;25;DI FERION RDC BULLE A TGBTD;150;31;81;ZDA FERION RDC AUTRES LOCAUX
1;1;2;26;26;DI FERION RDC BULLE A HALL ACCUEIL;151;30;78;ZDA FERION RDC CIRCULATION DESENFUMEE
1;1;2;27;27;DI FERION CCF BULLE A;152;37;102;DEFAUT DE POSITION D'ATTENTE CCF FERION
1;1;2;28;28;DI FERION R+5 BULLE B;153;46;64;ZDA FERION R+5 CIRCULATION
1;1;2;29;29;DI FERION RDC BULLE A HALL/ACCUEIL;154;30;78;ZDA FERION RDC CIRCULATION DESENFUMEE
1;1;2;30;30;DI FERION RDC BULLE B I.S. COSS;155;31;81;ZDA FERION RDC AUTRES LOCAUX
1;1;2;31;31;DM FERION RDC BULLE B I.S. COSS;156;29;82;ZDM FERION RDC
1;1;2;32;32;DM FERION RDC BULLE B ;157;29;82;ZDM FERION RDC
1;1;2;33;33;DI FERION RDC BULLE B ;158;28;79;ZDA FERION RDC CIRCUL. NON DESENFUMEE
1;1;2;34;34;DI FERION R+1 INT BULLE B DEPOT;159;32;76;ZDA FERION INTERMEDIAIRE 1
1;1;2;35;35;DI FERION RDC BULLE B CIRCULATION;160;30;78;ZDA FERION RDC CIRCULATION DESENFUMEE
1;1;2;36;36;DI FERION RDC BULLE B CIRCULATION;161;30;78;ZDA FERION RDC CIRCULATION DESENFUMEE
1;1;2;37;37;DI FERION NC LT VD1;162;38;75;ZDA FERION R+1 LOCAUX
1;1;2;38;38;DM FERION RDC NOYAU CENTRAL;163;29;82;ZDM FERION RDC
1;1;2;39;39;DI FERION R+1 INT NOYAU CENTRAL DEPOT;164;32;76;ZDA FERION INTERMEDIAIRE 1
1;1;2;40;40;DM FERION R+1 NOYAU CENTRAL;165;35;77;ZDM FERION R+1 a R+7+INTERMEDIAIRE 
1;1;2;41;41;DI FERION R+1 NOYAU CENTRAL;166;36;74;ZDA FERION R+1 CIRCULATION
1;1;2;42;42;DI FERION R+1 BULLE A PASSERELLE;167;36;74;ZDA FERION R+1 CIRCULATION
1;1;2;43;43;DI FERION R+1 BULLE A CIRCULATION;168;36;74;ZDA FERION R+1 CIRCULATION
1;1;2;44;44;DI FERION R+1 BULLE A DEPOT;169;38;75;ZDA FERION R+1 LOCAUX
1;1;2;45;45;DM FERION R+1 BULLE A CIRCULATION;170;35;77;ZDM FERION R+1 a R+7+INTERMEDIAIRE 
1;1;2;46;46;DI FERION R+1 BULLE A CIRCULATION;171;36;74;ZDA FERION R+1 CIRCULATION
1;1;2;47;47;DI FERION R+1 BULLE A CIRCULATION;172;36;74;ZDA FERION R+1 CIRCULATION
1;1;2;48;48;DI FERION R+1 BULLE B DEPOT;173;38;75;ZDA FERION R+1 LOCAUX
1;1;2;49;49;DI FERION R+1 BULLE B CIRCULATION;174;36;74;ZDA FERION R+1 CIRCULATION
1;1;2;50;50;DI FERION R+1 BULLE B CIRCULATION;175;36;74;ZDA FERION R+1 CIRCULATION
1;1;2;51;51;DI FERION R+1 BULLE B CIRCULATION;176;36;74;ZDA FERION R+1 CIRCULATION
1;1;2;52;52;DM FERION R+1 BULLE B CIRCULATION;177;35;77;ZDM FERION R+1 a R+7+INTERMEDIAIRE 
1;1;2;53;53;DI FERION R+1 BULLE B CIRCULATION;178;36;74;ZDA FERION R+1 CIRCULATION
1;1;2;54;54;DI FERION R+1 BULLE B PASSERELLE;179;36;74;ZDA FERION R+1 CIRCULATION
1;1;2;55;55;DM FERION R+2 NOYAU CENTRAL;180;35;77;ZDM FERION R+1 a R+7+INTERMEDIAIRE 
1;1;2;56;56;DI FERION R+2 NOYAU CENTRAL;181;39;72;ZDA FERION R+2 CIRCULATION
1;1;2;57;57;DI FERION R+2 BULLE A PASSERELLE;182;39;72;ZDA FERION R+2 CIRCULATION
1;1;2;58;58;DI FERION R+2 BULLE A DEPOT;183;40;73;ZDA FERION R+2 LOCAUX
1;1;2;59;59;DI FERION R+2 BULLE A CIRCULATION;184;39;72;ZDA FERION R+2 CIRCULATION
1;1;2;60;60;DI FERION R+2 BULLE A CIRCULATION;185;39;72;ZDA FERION R+2 CIRCULATION
1;1;2;61;61;DM FERION R+2 BULLE A CIRCULATION;186;35;77;ZDM FERION R+1 a R+7+INTERMEDIAIRE 
1;1;2;62;62;DI FERION R+2 BULLE A CIRCULATION;187;39;72;ZDA FERION R+2 CIRCULATION
1;1;2;63;63;DI FERION R+2 LOCAL MENAGE;188;40;73;ZDA FERION R+2 LOCAUX
1;1;2;64;64;DI FERION R+2 BULLE B DEPOT;189;40;73;ZDA FERION R+2 LOCAUX
1;1;2;65;65;DI FERION R+2 BULLE B CIRCULATION;190;39;72;ZDA FERION R+2 CIRCULATION
1;1;2;66;66;DI FERION R+2 BULLE B CIRCULATION;191;39;72;ZDA FERION R+2 CIRCULATION
1;1;2;67;67;DI FERION R+2 BULLE B CIRCULATION;192;39;72;ZDA FERION R+2 CIRCULATION
1;1;2;68;68;DM FERION R+2 BULLE B CIRCULATION;193;35;77;ZDM FERION R+1 a R+7+INTERMEDIAIRE 
1;1;2;69;69;DI FERION R+2 BULLE B CIRCULATION;194;39;72;ZDA FERION R+2 CIRCULATION
1;1;2;70;70;DI FERION R+2 BULLE B PASSERELLE;195;39;72;ZDA FERION R+2 CIRCULATION
1;1;2;71;71;DM FERION R+3 NOYAU CENTRAL;196;35;77;ZDM FERION R+1 a R+7+INTERMEDIAIRE 
1;1;2;72;72;DI FERION R+1 CCF NC;197;37;102;DEFAUT DE POSITION D'ATTENTE CCF FERION
1;1;2;73;73;DI FERION R+3 BULLE A PASSERELLE;198;42;70;ZDA FERION R+3 CIRCULATION
1;1;2;74;74;DI FERION R+3 BULLE A DEPOT;199;41;71;ZDA FERION R+3 LOCAUX
1;1;2;75;75;DI FERION R+3 BULLE A CIRCULATION;200;42;70;ZDA FERION R+3 CIRCULATION
1;1;2;76;76;DI FERION R+3 BULLE A CIRCULATION;201;42;70;ZDA FERION R+3 CIRCULATION
1;1;2;77;77;DM FERION R+3 BULLE A CIRCULATION;202;35;77;ZDM FERION R+1 a R+7+INTERMEDIAIRE 
1;1;2;78;78;DI FERION R+3 BULLE A CIRCULATION;203;42;70;ZDA FERION R+3 CIRCULATION
1;1;2;79;79;DI FERION R+3 BULLE B CIRCULATION;204;42;70;ZDA FERION R+3 CIRCULATION
1;1;2;80;80;DI FERION R+3 BULLE B DEPOT;205;41;71;ZDA FERION R+3 LOCAUX
1;1;2;81;81;DI FERION R+3 INTER2 BULLE B DEPOT;206;43;69;ZDA FERION INTERMEDIAIRE 2
1;1;2;82;82;DI FERION R+3 INTER3 BULLE B DEPOT;207;44;68;ZDA FERION INTERMEDIAIRE 3
1;1;2;83;83;DM FERION R+3 BULLE B CIRCULATION;208;35;77;ZDM FERION R+1 a R+7+INTERMEDIAIRE 
1;1;2;84;84;DI FERION R+3 NC LT VDI;209;41;71;ZDA FERION R+3 LOCAUX
1;1;2;85;85;DI FERION R+3 BULLE B CIRCULATION;210;42;70;ZDA FERION R+3 CIRCULATION
1;1;2;86;86;DI FERION R+3 BULLE B CIRCULATION;211;42;70;ZDA FERION R+3 CIRCULATION
1;1;2;87;87;DI FERION R+3 BULLE B PASSERELLE;212;42;70;ZDA FERION R+3 CIRCULATION
1;1;2;88;88;DI FERION R+3 NOYAU CENTRAL;213;42;70;ZDA FERION R+3 CIRCULATION
1;1;2;89;89;DI FERION R+3 INTER2 NOYAU CENTRAL L.T.;214;43;69;ZDA FERION INTERMEDIAIRE 2
1;1;2;90;90;DM FERION R+4  NOYAU CENTRAL;215;35;77;ZDM FERION R+1 a R+7+INTERMEDIAIRE 
1;1;2;91;91;DI FERION R+4  BULLE B CIRCULATION;216;45;66;ZDA FERION R+4 CIRCULATION
1;1;2;92;92;DI FERION R+4 BULLE B CIRCULATION;217;45;66;ZDA FERION R+4 CIRCULATION
1;1;2;93;93;DM FERION R+4 BULLE B CIRCULATION;218;35;77;ZDM FERION R+1 a R+7+INTERMEDIAIRE 
1;1;2;94;94;DI FERION R+4 BULLE B CIRCULATION;219;45;66;ZDA FERION R+4 CIRCULATION
1;1;2;95;95;DI FERION R+4 BULLE B CIRCULATION;220;45;66;ZDA FERION R+4 CIRCULATION
1;1;2;96;96;DI FERION R+4 BULLE B PASSERELLE;221;45;66;ZDA FERION R+4 CIRCULATION
1;1;2;97;97;DI FERION R+4 NOYAU CENTRAL;222;45;66;ZDA FERION R+4 CIRCULATION
1;1;2;98;98;DM FERION R+5 NOYAU CENTRAL;223;35;77;ZDM FERION R+1 a R+7+INTERMEDIAIRE 
1;1;2;99;99;DI FERION R+5 NC;224;46;64;ZDA FERION R+5 CIRCULATION
1;1;2;100;100;DM FERION R+6 NOYAU CENTRAL;225;35;77;ZDM FERION R+1 a R+7+INTERMEDIAIRE 
1;1;2;101;101;DI FERION R+6 NOYAU CENTRAL;226;86;62;ZDA FERION R+6 CIRCULATION
1;1;2;102;102;DI FERION R+7 NOYAU CENTRAL MACH ASC.;227;48;61;ZDA FERION R+7 LOCAUX
1;1;2;103;103;DI FERION R+7 NOYAU CENTRAL L.T.;228;48;61;ZDA FERION R+7 LOCAUX
1;1;2;104;104;DM FERION R-1 NOYAU CENTRAL;229;2;94;ZDM PARKING S/S
1;1;2;105;105;DI FERION R+2 CCF NC;230;37;102;DEFAUT DE POSITION D'ATTENTE CCF FERION
1;1;2;106;106;DI FERION R-1 CIRCUL. ACCES CHAUFFERIE;231;1;90;ZDA PARKING S/SOL CIRCUL. PIETONS ET G.T
1;1;2;107;107;DI FERION CCF BULLE A R+1;232;37;102;DEFAUT DE POSITION D'ATTENTE CCF FERION
1;1;2;108;108;DI FERION R+1 CCF BULLE B ;233;37;102;DEFAUT DE POSITION D'ATTENTE CCF FERION
1;1;2;109;109;FERION R+2  CCF BULLE A ;234;37;102;DEFAUT DE POSITION D'ATTENTE CCF FERION
1;1;2;110;110; FERION R+2  CCF BULLE B ;235;37;102;DEFAUT DE POSITION D'ATTENTE CCF FERION
1;1;2;111;111;CCF FERION R+3 BULLE A CIRCULATION;236;37;102;DEFAUT DE POSITION D'ATTENTE CCF FERION
1;1;2;112;112;FERION 3EME CCF Bulle B;237;37;102;DEFAUT DE POSITION D'ATTENTE CCF FERION
1;1;2;113;113;FERION R+4 CCF BULLE B ;238;37;102;DEFAUT DE POSITION D'ATTENTE CCF FERION
1;1;2;114;114;DI FERION R+3 CCF NC ;239;37;102;DEFAUT DE POSITION D'ATTENTE CCF FERION
1;1;2;115;115;DI FERION NC DEPOT ;240;41;71;ZDA FERION R+3 LOCAUX
1;1;2;116;116;FERION R+4 CCF NC;241;37;102;DEFAUT DE POSITION D'ATTENTE CCF FERION
1;1;2;117;117;DI FERION R+5 BULLE B PASSERELLE;242;46;64;ZDA FERION R+5 CIRCULATION
1;1;2;118;118;DI FERION R+5 BULLE B CIRCULATION;243;46;64;ZDA FERION R+5 CIRCULATION
1;1;2;119;119;DI FERION R+5 BULLE B CIRCULATION;244;46;64;ZDA FERION R+5 CIRCULATION
1;1;2;120;120;DM FERION R+5 BULLE B CIRCULATION;245;35;77;ZDM FERION R+1 a R+7+INTERMEDIAIRE 
1;1;2;121;121;DI FERION R+5 NC LT VDI;246;88;65;ZDA 65 R+5 LOCAUX FERION 
1;1;2;122;122;DI FERION R+5 BULLE B CIRCULATION;247;46;64;ZDA FERION R+5 CIRCULATION
1;1;2;123;123;DM - FERION RDC I.S. COTE BUREAU 43;248;29;82;ZDM FERION RDC
1;2;1;1;1;DI AUTHION R-1 PARKING 87;251;24;91;ZDA PARKING S/S PARKINGS VEHICULES
1;2;1;2;2;DI AUTHION R-1 PARKING 84;252;24;91;ZDA PARKING S/S PARKINGS VEHICULES
1;2;1;3;3;DI PELA R-1 PARKING 15;253;24;91;ZDA PARKING S/S PARKINGS VEHICULES
1;2;1;4;4;DI PELA R-1 PARKING 17;254;24;91;ZDA PARKING S/S PARKINGS VEHICULES
1;2;1;5;5;DI PELA R-1 PARKING 19;255;24;91;ZDA PARKING S/S PARKINGS VEHICULES
1;2;1;6;6;DI PELA R-1 PARKING 2;256;24;91;ZDA PARKING S/S PARKINGS VEHICULES
1;2;1;7;7;DI PELA R-1 DEPOT 3;257;3;93;ZDA PARKING S/SOL AUTRES LOCAUX
1;2;1;8;8;DI PELA R-1 LOCAL E.V.M.;258;52;193;ZDA PARKING S/SOL AUTRES LOCAUX
1;2;1;9;9;DI PELA R-1 CIRCULATION DEPOT 4;259;52;193;ZDA PARKING S/SOL AUTRES LOCAUX
1;2;1;10;10;DI PELA R-1 ACCES DEPOT 1;260;3;93;ZDA PARKING S/SOL AUTRES LOCAUX
1;2;1;11;11;DI PELA R-1 DEPOT 4;261;52;193;ZDA PARKING S/SOL AUTRES LOCAUX
1;2;1;12;12;DI PELA R-1 DEPOT 2;262;52;193;ZDA PARKING S/SOL AUTRES LOCAUX
1;2;1;13;13;DI PELA R-1 DEPOT 1;263;52;193;ZDA PARKING S/SOL AUTRES LOCAUX
1;2;1;14;14;DI PELA R-1 PARKING 13;264;24;91;ZDA PARKING S/S PARKINGS VEHICULES
1;2;1;15;15;DM M.DES.M R-1 PARKING COTE PELA;265;2;94;ZDM PARKING S/S
1;2;1;16;16;DI M.DES.M R-1 PARKING 62;266;24;91;ZDA PARKING S/S PARKINGS VEHICULES
1;2;1;17;17;DI M.DES.M R-1 PARKING 65;267;24;91;ZDA PARKING S/S PARKINGS VEHICULES
1;2;1;18;18;DI M.DES.M R-1 PARKING 16;268;24;91;ZDA PARKING S/S PARKINGS VEHICULES
1;2;1;19;19;DI M.DES.M R-1 PARKING 13;269;24;91;ZDA PARKING S/S PARKINGS VEHICULES
1;2;1;20;20;DI M.DES.M R-1 PARKING 10;270;24;91;ZDA PARKING S/S PARKINGS VEHICULES
1;2;1;21;21;DI M.DES.M R-1 PARKING 7;271;24;91;ZDA PARKING S/S PARKINGS VEHICULES
1;2;1;22;22;DI M.DES.M R-1 DEPOT 1;272;3;93;ZDA PARKING S/SOL AUTRES LOCAUX
1;2;1;23;23;DI M.DES.M R-1 BULLE B NC;273;1;90;ZDA PARKING S/SOL CIRCUL. PIETONS ET G.T
1;2;1;24;24;DM M.DES.M R-1 BULLE B NOYAU CENTRAL;274;2;94;ZDM PARKING S/S
1;2;1;25;25;DI M.DES.M R-1 NOYAU CENTRAL ARCHIVES;275;3;93;ZDA PARKING S/SOL AUTRES LOCAUX
1;2;1;26;26;DI M.DES.M R-1 BULLE B CIRCULATION;276;3;93;ZDA PARKING S/SOL AUTRES LOCAUX
1;2;1;27;27;DI M.DES.M R-1 DEPOT 7;277;3;93;ZDA PARKING S/SOL AUTRES LOCAUX
1;2;1;28;28;DI M.DES.M R-1 DEPOT 8;278;3;93;ZDA PARKING S/SOL AUTRES LOCAUX
1;2;1;29;29;DI M.DES.M R-1 DEPOT D.D.A.F.;279;3;93;ZDA PARKING S/SOL AUTRES LOCAUX
1;2;1;30;30;DI M.DES.M R-1 DEPOT D.D.A.F.;280;3;93;ZDA PARKING S/SOL AUTRES LOCAUX
1;2;1;31;31;DI M.DES.M R-1 DEPOT D.D.A.F.;281;3;93;ZDA PARKING S/SOL AUTRES LOCAUX
1;2;1;32;32;DI M.DES.M R-1 DEPOT D.D.A.F.;282;3;93;ZDA PARKING S/SOL AUTRES LOCAUX
1;2;1;33;33;DI M.DES.M R-1 NOYAU CENTRAL PROD FROID;283;3;93;ZDA PARKING S/SOL AUTRES LOCAUX
1;2;1;34;34;DI M.DES.M R-1 NOYAU CENTRAL PROD FROID;284;3;93;ZDA PARKING S/SOL AUTRES LOCAUX
1;2;1;35;35;DI M.DES.M R-1 PARKING 34/35;285;24;91;ZDA PARKING S/S PARKINGS VEHICULES
1;2;1;36;36;DI M.DES.M R-1 PARKING 37;286;24;91;ZDA PARKING S/S PARKINGS VEHICULES
1;2;1;37;37;DI M.DES.M R-1 BULLE A NOYAU CENT. DEPO5;287;3;93;ZDA PARKING S/SOL AUTRES LOCAUX
1;2;1;38;38;DI M.DES.M R-1 BULLE A NOYAU CENT. DEPO6;288;3;93;ZDA PARKING S/SOL AUTRES LOCAUX
1;2;1;39;39;DM M.DES.M R-1 BULLE A NOYAU CENTRAL;289;2;94;ZDM PARKING S/S
1;2;1;40;40;DI M.DES.M R-1 PARKING 32/33;290;24;91;ZDA PARKING S/S PARKINGS VEHICULES
1;2;1;41;41;DI M.DES.M R-1 PARKING 30/31;291;24;91;ZDA PARKING S/S PARKINGS VEHICULES
1;2;1;42;42;DI M.DES.M R-1 PARKING 28;292;24;91;ZDA PARKING S/S PARKINGS VEHICULES
1;2;1;43;43;DI M.DES.M R-1 PARKING 25/26;293;24;91;ZDA PARKING S/S PARKINGS VEHICULES
1;2;1;44;44;DI M.DES.M R-1 PARKING 23/24;294;24;91;ZDA PARKING S/S PARKINGS VEHICULES
1;2;1;45;45;DI M.DES.M R-1 PARKING 21/22;295;24;91;ZDA PARKING S/S PARKINGS VEHICULES
1;2;1;46;46;DI M.DES.M R-1 PARKING 19;296;24;91;ZDA PARKING S/S PARKINGS VEHICULES
1;2;1;47;47;DI M.DES.M R-1 BULLE C NOYAU CENT. DEPO3;297;3;93;ZDA PARKING S/SOL AUTRES LOCAUX
1;2;1;48;48;DI M.DES.M R-1 BULLE C NOYAU CENT. DEPO4;298;3;93;ZDA PARKING S/SOL AUTRES LOCAUX
1;2;1;49;49;DI M.DES.M R-1 PARKING 68;299;24;91;ZDA PARKING S/S PARKINGS VEHICULES
1;2;1;50;50;DI M.DES.M R-1 PARKING 71;300;24;91;ZDA PARKING S/S PARKINGS VEHICULES
1;2;1;51;51;DI M.DES.M R-1 PARKING 74;301;24;91;ZDA PARKING S/S PARKINGS VEHICULES
1;2;1;52;52;DI M.DES.M R-1 PARKING 77;302;24;91;ZDA PARKING S/S PARKINGS VEHICULES
1;2;1;53;53;DI M.DES.M R-1 PARKING 59/60;303;24;91;ZDA PARKING S/S PARKINGS VEHICULES
1;2;1;54;54;DI M.DES.M R-1 PARKING 57/58;304;24;91;ZDA PARKING S/S PARKINGS VEHICULES
1;2;1;55;55;DI M.DES.M R-1 PARKING 40;305;24;91;ZDA PARKING S/S PARKINGS VEHICULES
1;2;1;56;56;DI M.DES.M R-1 PARKING 43;306;24;91;ZDA PARKING S/S PARKINGS VEHICULES
1;2;1;57;57;DI M.DES.M R-1 PARKING 46;307;53;191;ZDA PARKING S/S PARKINGS VEHICULES
1;2;1;58;58;DI M.DES.M R-1 PARKING 48/49;308;53;191;ZDA PARKING S/S PARKINGS VEHICULES
1;2;1;59;59;DI M.DES.M R-1 PARKING 51;309;53;191;ZDA PARKING S/S PARKINGS VEHICULES
1;2;1;60;60;DI M.DES.M R-1 PARKING 53/54;310;53;191;ZDA PARKING S/S PARKINGS VEHICULES
1;2;1;61;61;DI M.DES.M R-1 PARKING 55/56;311;53;191;ZDA PARKING S/S PARKINGS VEHICULES
1;2;1;62;62;DI M.DES.M R-1 PARKING 80;312;53;191;ZDA PARKING S/S PARKINGS VEHICULES
1;2;1;63;63;DI M.DES.M R-1 DEPOT 9 COTE GRILLE PK;313;3;93;ZDA PARKING S/SOL AUTRES LOCAUX
1;2;1;64;64;DI M.DES.M R-1 PARKING 83 COTE FERION;314;53;191;ZDA PARKING S/S PARKINGS VEHICULES
1;2;1;65;65;DM FERION R-1 ACCES PK FERION;315;2;94;ZDM PARKING S/S
1;2;1;66;66;DI FERION R-1 PARKING 11;316;53;191;ZDA PARKING S/S PARKINGS VEHICULES
1;2;1;67;67;DI FERION R-1 BULLE C ACCES COMPTEUR EAU;317;52;193;ZDA PARKING S/SOL AUTRES LOCAUX
1;2;1;68;68;DM FERION R-1 BULLE C ACCES COMPTEUR EAU;318;2;94;ZDM PARKING S/S
1;2;1;69;69;DI FERION R-1 BULLE C ACCES COMPTEUR EAU;319;52;193;ZDA PARKING S/SOL AUTRES LOCAUX
1;2;1;70;70;DI FERION R-1 BULLE C ACCES COMPTEUR EAU;320;52;193;ZDA PARKING S/SOL AUTRES LOCAUX
1;2;1;71;71;DI FERION R-1 BULLE C STATION CHAUFFAGE;321;52;193;ZDA PARKING S/SOL AUTRES LOCAUX
1;2;1;72;72;DI FERION R-1 BULLE C STATION PROD FROID;322;52;193;ZDA PARKING S/SOL AUTRES LOCAUX
1;2;1;73;73;DI FERION R-1 BULLE C LOCAL BT;323;52;193;ZDA PARKING S/SOL AUTRES LOCAUX
1;2;1;74;74;DI FERION R-1 PARKING 6;324;53;191;ZDA PARKING S/S PARKINGS VEHICULES
1;2;1;75;75;DI FERION R-1 BULLE C ACCES SOUS STATION;325;52;193;ZDA PARKING S/SOL AUTRES LOCAUX
1;2;1;76;76;DI FERION R-1 PARKING 9/10;326;53;191;ZDA PARKING S/S PARKINGS VEHICULES
1;2;1;77;77;DI FERION R-1 PARKING 4;327;53;191;ZDA PARKING S/S PARKINGS VEHICULES
1;2;1;78;78;DI FERION R-1 PARKING 1/2;328;53;191;ZDA PARKING S/S PARKINGS VEHICULES
1;2;1;79;79;DI FERION R-1 PARKING 103;329;53;191;ZDA PARKING S/S PARKINGS VEHICULES
1;2;1;80;80;DI AUTHION R-1 PARKING 101;330;53;191;ZDA PARKING S/S PARKINGS VEHICULES
1;2;1;81;81;DI AUTHION R-1 PARKING 98;331;53;191;ZDA PARKING S/S PARKINGS VEHICULES
1;2;1;82;82;DI AUTHION R-1 PARKING 95;332;53;191;ZDA PARKING S/S PARKINGS VEHICULES
1;2;1;83;83;DI AUTHION R-1 PARKING 93;333;53;191;ZDA PARKING S/S PARKINGS VEHICULES
1;2;1;84;84;DI AUTHION R-1 PARKING 90;334;53;191;ZDA PARKING S/S PARKINGS VEHICULES
1;2;1;85;85;CCF PELA R-1 ACCES DEPOT 2;335;50;103;DEFAUT DE POSITION D'ATTENTE CCF PARKING
1;2;1;86;86; DI FERION N-1 NC REPARTITEUR;336;3;93;ZDA PARKING S/SOL AUTRES LOCAUX
1;2;1;87;87;FERION RDC CCF NC/BULLE C;337;125;106;DEFAUT DE POSITION D'ATTENTE CCF FERION 
1;2;1;88;88;FERION RDC CCF CIRCULATION OUEST;338;125;106;DEFAUT DE POSITION D'ATTENTE CCF FERION 
1;2;1;89;89;DI FERION BULLE A CIRCULATION OUEST;339;28;79;ZDA FERION RDC CIRCUL. NON DESENFUMEE
1;2;1;90;90;DI FERION RDC BULLE A SALLE DE REUNION;340;98;80;ZDA FERION RDC SALLE DE REUNION
1;2;1;91;91;DI FERION RDC BULLE B LOCAL PHOTOCO COSS;341;31;81;ZDA FERION RDC AUTRES LOCAUX
1;2;1;92;92;FERION RDC CCF NC/BULLE B;342;125;106;DEFAUT DE POSITION D'ATTENTE CCF FERION 
1;2;1;93;93;DI FERION RDC NC;343;30;78;ZDA FERION RDC CIRCULATION DESENFUMEE
1;2;1;94;94;DI FERION N-1 NC;344;84;190;ZDA PARKING S/SOL CIRCUL. PIETONS ET G.T
1;2;1;95;95;DI FERION N-1 BULLE B DEPOT;345;52;193;ZDA PARKING S/SOL AUTRES LOCAUX
1;2;1;96;96;DI FERION N-1 CIRCULATION.ACCES BULLE B;346;84;190;ZDA PARKING S/SOL CIRCUL. PIETONS ET G.T
1;2;1;97;97;DM FERION R-1 BULLE B NC;347;2;94;ZDM PARKING S/S
1;2;1;98;98;DI FERION N-1 CHAUFFERIE;348;25;92;ZDA PARKING S/S LT CHAUFFERIE
1;2;1;99;99;DM FERION CHAUFFERIE VERS ESTEREL;349;129;95;ZDM LOCAL CHAUFFERIE
1;2;1;100;100;DI FERION DETECTION GAZ CHAUFFERUIE;350;92;104;DETECTION GAZ CHAUFFERIE
1;2;1;101;101;DI FERION R-1 CHAUFFERIE;351;25;92;ZDA PARKING S/S LT CHAUFFERIE
1;2;1;102;102;DM FERION R-1 CHAUFFERIE PRES ESCALIER;352;129;95;ZDM LOCAL CHAUFFERIE
1;2;1;103;103;DI FERION N-1 CHAUFFERIE;353;25;92;ZDA PARKING S/S LT CHAUFFERIE
1;2;1;104;104;DI FERION N-1 CHAUFFERIE;354;25;92;ZDA PARKING S/S LT CHAUFFERIE
1;2;2;1;1;DI M.DES.M R-1 NOYAU CENTRAL DEPOT 2;376;52;193;ZDA PARKING S/SOL AUTRES LOCAUX
1;2;2;2;2;DM M.DES.M R-1 NOYAU CENTRAL;377;2;94;ZDM PARKING S/S
1;2;2;3;3;DI M.DES.M RDC NOYAU CENTRAL;378;14;44;ZDA AUTHION/Mt Des M. RDC HALL ET CIRCUL
1;2;2;4;4;DI M.DES.M RDC NOYAU CENTRAL;379;14;44;ZDA AUTHION/Mt Des M. RDC HALL ET CIRCUL
1;2;2;5;5;DI M.DES.M RDC CIRCULATION CARTES GRISES;380;14;44;ZDA AUTHION/Mt Des M. RDC HALL ET CIRCUL
1;2;2;6;6;DI M.DES.M RDC ATTENTE SERVICE ETRANGERS;381;14;44;ZDA AUTHION/Mt Des M. RDC HALL ET CIRCUL
1;2;2;7;7;DI M.DES.M RDC ARCHIVES ETRANGERS;382;54;41;ZDA MT des M. RDC ARCHIVES ETRANGERS
1;2;2;8;8;DI M.DES.M RDC ARCHIVES ETRANGERS;383;54;41;ZDA MT des M. RDC ARCHIVES ETRANGERS
1;2;2;9;9;DI M.DES.M RDC ARCHIVES ETRANGERS;384;54;41;ZDA MT des M. RDC ARCHIVES ETRANGERS
1;2;2;10;10;DI M.DES.M RDC ARCHIVES ETRANGERS;385;54;41;ZDA MT des M. RDC ARCHIVES ETRANGERS
1;2;2;11;11;DI M.DES.M RDC ARCHIVES ETRANGERS;386;54;41;ZDA MT des M. RDC ARCHIVES ETRANGERS
1;2;2;12;12;DI M.DES.M RDC BULLE B CIRCULATION NORD;387;55;42;ZDA Mt des M. RDC CIRCULATION
1;2;2;13;13;DI M.DES.M INT1 BULLE B DEPOT;388;56;36;ZDA Mt des M. INTERMEDIAIRE 1
1;2;2;14;14;DM M.DES.M RDC ACCES CIRCULATION NORD;389;18;51;ZDM AUTHION / Mt Des M. RDC
1;2;2;15;15;DI M.DES.M RDC BULLE B CIRCULATION NORD;390;55;42;ZDA Mt des M. RDC CIRCULATION
1;2;2;16;16;DI M.DES.M RDC BULLE B FICHIER;391;57;47;ZDA Mt des M. RDC AUTRES LOCAUX
1;2;2;17;17;DI M.DES.M RDC BULLE B CIRCULATION NORD;392;55;42;ZDA Mt des M. RDC CIRCULATION
1;2;2;18;18;DI M.DES.M RDC ACCES CIRCULATION OUEST;393;55;42;ZDA Mt des M. RDC CIRCULATION
1;2;2;19;19;DI M.DES.M RDC ACCES CIRCULATION OUEST;394;55;42;ZDA Mt des M. RDC CIRCULATION
1;2;2;20;20;DI M.DES.M RDC ACCUEIL PUBLIC ETRANGERS;395;55;42;ZDA Mt des M. RDC CIRCULATION
1;2;2;21;21;DI M.DES.M RDC BULLE C CIRCULATION;396;55;42;ZDA Mt des M. RDC CIRCULATION
1;2;2;22;22;DI M.DES.M INT1 BULLE C DEPOT;397;56;36;ZDA Mt des M. INTERMEDIAIRE 1
1;2;2;23;23;DI M.DES.M RDC CIRCUL DEVANT CARTE GRISE;398;14;44;ZDA AUTHION/Mt Des M. RDC HALL ET CIRCUL
1;2;2;24;24;DI M.DES.M RDC CIRCUL VERS AUTHION;399;14;44;ZDA AUTHION/Mt Des M. RDC HALL ET CIRCUL
1;2;2;25;25;DI M.DES.M RDC CIRCUL VERS AUTHION;400;14;44;ZDA AUTHION/Mt Des M. RDC HALL ET CIRCUL
1;2;2;26;26;DI M.DES.M RDC OFII ATTENTE MEDECIN;401;130;43;ZDA Mt des M. RDC OFII ZONE MEDICALE
1;2;2;27;27;DI M.DES.M RDC OFII CABINET MEDECIN;402;130;43;ZDA Mt des M. RDC OFII ZONE MEDICALE
1;2;2;28;28;DI M.DES.M RDC OFII CABINET MEDECIN;403;130;43;ZDA Mt des M. RDC OFII ZONE MEDICALE
1;2;2;29;29;DI M.DES.M RDC OFII INFIRMERIE;404;130;43;ZDA Mt des M. RDC OFII ZONE MEDICALE
1;2;2;30;30;DI M.DES.M RDC OFII SALLE DE PRELEVEMENT;405;130;43;ZDA Mt des M. RDC OFII ZONE MEDICALE
1;2;2;31;31;DI M.DES.M RDC OFII ACCUEIL;406;131;46;ZDA Mt des M. RDC OFII ACCUEIL
1;2;2;32;32;DI M.DES.M RDC OFII ACCUEIL;407;131;46;ZDA Mt des M. RDC OFII ACCUEIL
1;2;2;33;33;DM M.DES.M RDC OFFI ENTREE;408;18;51;ZDM AUTHION / Mt Des M. RDC
1;2;2;34;34;DI M.DES.M RDC OFII ACCUEIL;409;131;46;ZDA Mt des M. RDC OFII ACCUEIL
1;2;2;35;35;DI M.DES.M RDC OFII PLATEFORME D'ACCUEIL;410;132;49;ZDA Mt des M. RDC OFII LOCAUX ACCUEIL
1;2;2;36;36;DI M.DES.M RDC OFII ACCUEIL / BOX;411;131;46;ZDA Mt des M. RDC OFII ACCUEIL
1;2;2;37;37;DI M.DES.M RDC OFII ACCUEIL / BOX;412;131;46;ZDA Mt des M. RDC OFII ACCUEIL
1;2;2;38;38;DI M.DES.M RDC OFII ACCUEIL / BOX;413;131;46;ZDA Mt des M. RDC OFII ACCUEIL
1;2;2;39;39;DI M.D.M RDC ARCHIVES PERMIS DE CONDUIRE;414;57;47;ZDA Mt des M. RDC AUTRES LOCAUX
1;2;2;40;40;DI M.D.M RDC ARCHIVES PERMIS CONDUIRE;415;63;39;ZDA Mt des M. RDC ARCHIVES PC
1;2;2;41;41;DM M.DES.M RDC OFII SORTIE SECOURS SUD;416;18;51;ZDM AUTHION / Mt Des M. RDC
1;2;2;42;42;DI M.D.M RDC ARCHIVES CARTES GRISES;417;64;40;ZDA Mt des M. RDC ARCHIVES CG
1;2;2;43;43;DI M.D.M RDC ARCHIVES CARTES GRISES;418;64;40;ZDA Mt des M. RDC ARCHIVES CG
1;2;2;44;44;MDM.RDC CIRCUL.DE SECOURS;419;18;51;ZDM AUTHION / Mt Des M. RDC
1;2;2;45;45;DI M.DES.M RDC REPARTITEUR TELEPHONE;420;57;47;ZDA Mt des M. RDC AUTRES LOCAUX
1;2;2;46;46;DI M.DES.M INT1 BULLE A DEPOT;421;56;36;ZDA Mt des M. INTERMEDIAIRE 1
1;2;2;47;47;DM M.DES.M RDC OFII SORTIE VERS DIRECTIO;422;18;51;ZDM AUTHION / Mt Des M. RDC
1;2;2;48;48;DI M.DES.M RDC REGIE DES RECETTES;423;65;38;ZDA Mt des M. RDC CIRCUL. REGIE RECETTES
1;2;2;49;49;DM M.DES.M RDC ACCES SAS PORTES AUTO EST;424;18;51;ZDM AUTHION / Mt Des M. RDC
1;2;2;50;50;DI M.DES.M RDC ACCES SAS PORTES AUTO EST;425;59;144;ZDA AUTHION/Mt Des M. RDC HALL ET CIRCUL
1;2;2;51;51;DI M.DES.M INT1 NOYAU CENTRAL LT3 CLIM;426;56;36;ZDA Mt des M. INTERMEDIAIRE 1
1;2;2;52;52;DI MDM 1ER BULLE B PASSERELLE;427;99;34;ZDA  Mt des M. R+ 1 DETECTION CIRCUL.
1;2;2;53;53;DI MDM 1ER BULLE B CIRCULATION;428;99;34;ZDA  Mt des M. R+ 1 DETECTION CIRCUL.
1;2;2;54;54;DM MDM 1ER BULLE B CIRCULATION;429;100;37;ZDA Mt des M. DM R+1 AU R+7
1;2;2;55;55;DI MDM 1ER BULLE  B CIRCULATION;430;99;34;ZDA  Mt des M. R+ 1 DETECTION CIRCUL.
1;2;2;56;56; DI MDM 1ER BULLE B DEPOT;431;101;35;ZDA Mt des M. R+1 DETECTION LOCAUX
1;2;2;57;57; DI MDM 1ER BULLE B CIRCULATION;432;99;34;ZDA  Mt des M. R+ 1 DETECTION CIRCUL.
1;2;2;58;58; DI MDM 1ER BULLE C PASSERELLE;433;99;34;ZDA  Mt des M. R+ 1 DETECTION CIRCUL.
1;2;2;59;59; DI MDM 1ER BULLE C CIRCULATION;434;99;34;ZDA  Mt des M. R+ 1 DETECTION CIRCUL.
1;2;2;60;60;DI MDM 1ER BULLE C CIRCULATION;435;99;34;ZDA  Mt des M. R+ 1 DETECTION CIRCUL.
1;2;2;61;61;DM MDM 1ER BULLE C CIRCULATION;436;100;37;ZDA Mt des M. DM R+1 AU R+7
1;2;2;62;62; DI MDM 1ER BULLE C DEPOT;437;101;35;ZDA Mt des M. R+1 DETECTION LOCAUX
1;2;2;63;63; DI MDM 1ER BULLE C CIRCULATION;438;99;34;ZDA  Mt des M. R+ 1 DETECTION CIRCUL.
1;2;2;64;64;DI MDM 1ER BULLE A PASSERELLE;439;99;34;ZDA  Mt des M. R+ 1 DETECTION CIRCUL.
1;2;2;65;65;DI MDM 1ER BULLE A CIRCULATION;440;99;34;ZDA  Mt des M. R+ 1 DETECTION CIRCUL.
1;2;2;66;66;DM MDM 1ER BULLE A CIRCULATION;441;100;37;ZDA Mt des M. DM R+1 AU R+7
1;2;2;67;67;DI MDM 1ER BULLE A DEPOT;442;101;35;ZDA Mt des M. R+1 DETECTION LOCAUX
1;2;2;68;68;DI MDM 1ER BULLE A CIRCULATION;443;99;34;ZDA  Mt des M. R+ 1 DETECTION CIRCUL.
1;2;2;69;69;DI MDM 1ER NC;444;99;34;ZDA  Mt des M. R+ 1 DETECTION CIRCUL.
1;2;2;70;70;DM MDM 1ER NC;445;100;37;ZDA Mt des M. DM R+1 AU R+7
1;2;2;71;71;DI MDM 2EME BULLE B PASSERELLE;446;103;32;ZDA Mt des M. R+2 DETECTION CIRCUL.
1;2;2;72;72;DI MDM 2EME: BULLE B CIRCULATION;447;103;32;ZDA Mt des M. R+2 DETECTION CIRCUL.
1;2;2;73;73;DM MDM 2EME BULLE B CIRCULATION;448;100;37;ZDA Mt des M. DM R+1 AU R+7
1;2;2;74;74;DI MDM 2EME BULLE B CIRCULATION;449;103;32;ZDA Mt des M. R+2 DETECTION CIRCUL.
1;2;2;75;75;DI MDM 2EME BULLE B CIRCULATION;450;103;32;ZDA Mt des M. R+2 DETECTION CIRCUL.
1;2;2;76;76;DI MDM 2EME BULLE B CIRCULATION;451;103;32;ZDA Mt des M. R+2 DETECTION CIRCUL.
1;2;2;77;77;DI MDM 2EME BULLE B DEPOT;452;104;33;ZDA Mt des M. R+2 DETECTION LOCAUX
1;2;2;78;78;DI MDM 2EME BULLE C PASSERELLE;453;103;32;ZDA Mt des M. R+2 DETECTION CIRCUL.
1;2;2;79;79;DI MDM 2EME BULLE C CIRCULATRION;454;103;32;ZDA Mt des M. R+2 DETECTION CIRCUL.
1;2;2;80;80;DI MDM 2EME BULLE C CIRCULATION;455;103;32;ZDA Mt des M. R+2 DETECTION CIRCUL.
1;2;2;81;81;DM MDM 2EME BULLE C CIRCULATION;456;100;37;ZDA Mt des M. DM R+1 AU R+7
1;2;2;82;82;DI MDM 2EME BULLE C CIRCULATION;457;103;32;ZDA Mt des M. R+2 DETECTION CIRCUL.
1;2;2;83;83;DI MDM 2EME BULLE C DEPOT;458;104;33;ZDA Mt des M. R+2 DETECTION LOCAUX
1;2;2;84;84;DI MDM 2EME BULLE A PASSERELLE;459;103;32;ZDA Mt des M. R+2 DETECTION CIRCUL.
1;2;2;85;85;DI MDM 2EME BULLE A CIRCULATION;460;103;32;ZDA Mt des M. R+2 DETECTION CIRCUL.
1;2;2;86;86;DM MDM 2EME BULLE A CIRCULATION;461;100;37;ZDA Mt des M. DM R+1 AU R+7
1;2;2;87;87;DI MDM 2EME BULLE A CIRCULATION;462;103;32;ZDA Mt des M. R+2 DETECTION CIRCUL.
1;2;2;88;88;DI MDM 2EME BULLE A DEPOT;463;104;33;ZDA Mt des M. R+2 DETECTION LOCAUX
1;2;2;89;89;DI MDM 2EME BULLE A CIRCULATION;464;103;32;ZDA Mt des M. R+2 DETECTION CIRCUL.
1;2;2;90;90;DI MDM 2EME NC;465;103;32;ZDA Mt des M. R+2 DETECTION CIRCUL.
1;2;2;91;91;DM MDM 2EME NC;466;100;37;ZDA Mt des M. DM R+1 AU R+7
1;2;2;92;92;DI M.DES.M R-1 NOYAU CENT RPARTITEUR TEL;467;52;193;ZDA PARKING S/SOL AUTRES LOCAUX
1;2;2;93;93;DI M.DES.M RDC BUR 43 ARCHIVES ETRANGERS;468;54;41;ZDA MT des M. RDC ARCHIVES ETRANGERS
1;2;2;94;94;DI M.DES.M RDC BUR 44 ARCHIVES ETRANGERS;469;54;41;ZDA MT des M. RDC ARCHIVES ETRANGERS
1;2;2;95;95;DI MDM 2EME NC LT VDI;470;104;33;ZDA Mt des M. R+2 DETECTION LOCAUX
1;2;2;96;96;MDM RDC CCF NC;471;126;105;DEFAUT POSITION ATTENTE CCF  Mt M
1;2;2;97;97;MDM 1ER CCF BULLE B;472;126;105;DEFAUT POSITION ATTENTE CCF  Mt M
1;2;2;98;98;MDM 1ER BULLE C ;473;126;105;DEFAUT POSITION ATTENTE CCF  Mt M
1;2;2;99;99;MDM 1ER CCF BULLE A ;474;126;105;DEFAUT POSITION ATTENTE CCF  Mt M
1;2;2;100;100;MDM 2EME CCF BULLE B;475;126;105;DEFAUT POSITION ATTENTE CCF  Mt M
1;2;2;101;101;MDM 2EME CCF BULLE C;476;126;105;DEFAUT POSITION ATTENTE CCF  Mt M
1;2;2;102;102;MDM 2EME CCF BULLE A ;477;126;105;DEFAUT POSITION ATTENTE CCF  Mt M
1;2;2;103;103;DI MDM.RDC BULLE A CIR.VERS PERMIS COND;478;14;44;ZDA AUTHION/Mt Des M. RDC HALL ET CIRCUL
1;2;2;104;104;MDM RDC CCF BULLE B;479;126;105;DEFAUT POSITION ATTENTE CCF  Mt M
1;2;2;105;105;DI M.DES.M RDC OFII POLE ACCUEIL INTEGRA;480;134;53;ZDA Mt des M. RDC OFII LOCAUX
1;2;2;106;106;DI MDM R+1 BUREAU 103;481;101;35;ZDA Mt des M. R+1 DETECTION LOCAUX
1;2;2;107;107;DI M.DES.M RDC OFII RESP ACCEUIL INTEGRA;482;134;53;ZDA Mt des M. RDC OFII LOCAUX
1;2;2;108;108;DI - MDM RDC REGIS DES RECETTES ARCHIVES;483;63;39;ZDA Mt des M. RDC ARCHIVES PC
1;2;2;109;109;DI M.DES.M RDC OFII BUREAU RESP ASILE;484;134;53;ZDA Mt des M. RDC OFII LOCAUX
1;2;2;110;110;DI M.DES.M RDC OFII CIRCUL VERS L. INFO;485;135;52;ZDA Mt des M. RDC OFII CIRCUL LOCAUX
1;2;2;111;111;DM M.DES.M RDC OFII LOCAL TECHNIQUE;486;134;53;ZDA Mt des M. RDC OFII LOCAUX
1;2;2;112;112;DI M.DES.M RDC OFII ESPACE DETTENTE;487;132;49;ZDA Mt des M. RDC OFII LOCAUX ACCUEIL
1;2;2;113;113;DI M.DES.M RDC OFII LOCAL INFORMATIQUE;488;134;53;ZDA Mt des M. RDC OFII LOCAUX
1;2;2;114;114;DI M.DES.M RDC OFII CIRCUL VERS WC;489;135;52;ZDA Mt des M. RDC OFII CIRCUL LOCAUX
1;2;2;115;115;DI M.DES.M RDC OFII POLE ASILE;490;134;53;ZDA Mt des M. RDC OFII LOCAUX
1;2;2;116;116;DM M.DES.M RDC OFII SORTIE SECOURS EST;491;18;51;ZDM AUTHION / Mt Des M. RDC
1;2;2;117;117;DI M.DES.M RDC OFII SORTIE SECOURS EST;492;135;52;ZDA Mt des M. RDC OFII CIRCUL LOCAUX
1;2;2;118;118;DI M.DES.M RDC OFII BUREAU RESP RETOUR;493;134;53;ZDA Mt des M. RDC OFII LOCAUX
1;2;2;119;119;DI M.DES.M RDC OFII CIRCUL RESP RETOUR;494;135;52;ZDA Mt des M. RDC OFII CIRCUL LOCAUX
1;2;2;120;120;DI M.DES.M RDC OFII RESP IMMIGRATION;495;134;53;ZDA Mt des M. RDC OFII LOCAUX
1;2;2;121;121;DI M.DES.M RDC OFII POLE IMMIGRATION;496;134;53;ZDA Mt des M. RDC OFII LOCAUX
1;2;2;122;122;DI M.DES.M RDC OFII CIRCUL SALLE REUNION;497;135;52;ZDA Mt des M. RDC OFII CIRCUL LOCAUX
1;2;2;123;123;DI M.DES.M RDC OFII SALLE DE REUNION;498;134;53;ZDA Mt des M. RDC OFII LOCAUX
1;2;2;124;124;DI M.DES.M RDC OFII FONCTIONS SUPPORTS;499;134;53;ZDA Mt des M. RDC OFII LOCAUX
1;2;2;125;125;DI M.DES.M RDC OFII DIREC.TERRITORIA.ADJ;500;134;53;ZDA Mt des M. RDC OFII LOCAUX
1;2;2;126;126;DI M.DES.M RDC OFII DIREC.TERRITORAILE;0;134;53;ZDA Mt des M. RDC OFII LOCAUX
1;2;2;127;127;DI M.DES.M RDC OFII SORTIE VERS DIRECTIO;0;135;52;ZDA Mt des M. RDC OFII CIRCUL LOCAUX
1;2;2;128;128;DI M.DES.M RDC OFII CIRCUL VERS DIRECTIO;0;135;52;ZDA Mt des M. RDC OFII CIRCUL LOCAUX
1;3;1;1;1; DI MDM 3EME BULLE B CIRCULATION;501;106;30;ZDA Mt des M. R+3 DETECTION CIRCUL.
1;3;1;2;2; DI MDM 3EME BULLE B CIRCULATION;502;106;30;ZDA Mt des M. R+3 DETECTION CIRCUL.
1;3;1;3;3;DM MDM 3EME BULLE B CIRCULATION;503;100;37;ZDA Mt des M. DM R+1 AU R+7
1;3;1;4;4; DI MDM 3EME BULLE B CIRCULATION;504;106;30;ZDA Mt des M. R+3 DETECTION CIRCUL.
1;3;1;5;5;DI MDM 3EME BULLE B CIRCULATION;505;106;30;ZDA Mt des M. R+3 DETECTION CIRCUL.
1;3;1;6;6;DI MDM INT.2 BULLE B LOCAL TECH.;506;107;29;ZDA Mt des M. INTERM.2  DETECTION
1;3;1;7;7;DI MDM INT.3 BULLE B DEPOT;507;108;28;ZDA Mt des M. INTERM.3  DETECTION
1;3;1;8;8;DI MDM 3EME BULLE B ARCHIVES;508;109;31;ZDA Mt des M. R+3 DETECTION LOCAUX
1;3;1;9;9;DI MDM 3EME BULLE C PASSERELLE;509;106;30;ZDA Mt des M. R+3 DETECTION CIRCUL.
1;3;1;10;10;DI MDM 3EME BULLE C CIRCULATION;510;106;30;ZDA Mt des M. R+3 DETECTION CIRCUL.
1;3;1;11;11;DI MDM 3EME BULLE C CIRCULATION;511;106;30;ZDA Mt des M. R+3 DETECTION CIRCUL.
1;3;1;12;12;DM MDM 3EME BULLE C CIRCULATION;512;100;37;ZDA Mt des M. DM R+1 AU R+7
1;3;1;13;13;DI MDM 3EME BULLE C CIRCULATION;513;106;30;ZDA Mt des M. R+3 DETECTION CIRCUL.
1;3;1;14;14;DI MDM INT.2 BULLE C LOCAL TECH.;514;107;29;ZDA Mt des M. INTERM.2  DETECTION
1;3;1;15;15;DI MDM INT.3 BULLE C DEPOT;515;108;28;ZDA Mt des M. INTERM.3  DETECTION
1;3;1;16;16;DI MDM 3EME BULLE C DEPOT;516;109;31;ZDA Mt des M. R+3 DETECTION LOCAUX
1;3;1;17;17;DI MDM 3EME NC LOCAL PAPETTERIE;517;109;31;ZDA Mt des M. R+3 DETECTION LOCAUX
1;3;1;18;18;DI MDM 3EME BULLE A PASSERELLE;518;106;30;ZDA Mt des M. R+3 DETECTION CIRCUL.
1;3;1;19;19;MdM 3EME Bulle A circul.;519;106;30;ZDA Mt des M. R+3 DETECTION CIRCUL.
1;3;1;20;20;MdM 3EME Bulle A circul.;520;100;37;ZDA Mt des M. DM R+1 AU R+7
1;3;1;21;21;MdM 3EME Bulle A circul.;521;106;30;ZDA Mt des M. R+3 DETECTION CIRCUL.
1;3;1;22;22;MdM 3EME Bulle A circul.;522;106;30;ZDA Mt des M. R+3 DETECTION CIRCUL.
1;3;1;23;23;MdM 3EME Bulle A circul.;523;106;30;ZDA Mt des M. R+3 DETECTION CIRCUL.
1;3;1;24;24;MdM 3EME Bulle A ARCHIVES;524;109;31;ZDA Mt des M. R+3 DETECTION LOCAUX
1;3;1;25;25;MdM INT 2 Bulle A depot;525;107;29;ZDA Mt des M. INTERM.2  DETECTION
1;3;1;26;26;MdM INT 3 Bulle A depot;526;108;28;ZDA Mt des M. INTERM.3  DETECTION
1;3;1;27;27;MdM 3EME Bulle A local tech.;527;109;31;ZDA Mt des M. R+3 DETECTION LOCAUX
1;3;1;28;28;MdM 3EME NC;528;106;30;ZDA Mt des M. R+3 DETECTION CIRCUL.
1;3;1;29;29;MdM 3EME NC;529;100;37;ZDA Mt des M. DM R+1 AU R+7
1;3;1;30;30;MdM INT 2 NC local tech.;530;107;29;ZDA Mt des M. INTERM.2  DETECTION
1;3;1;31;31;MdM 4EME Bulle B passerelle;531;110;26;ZDA Mt des M. R+4 DETECTION CIRCUL.
1;3;1;32;32;MdM 4EME Bulle B circul.;532;110;26;ZDA Mt des M. R+4 DETECTION CIRCUL.
1;3;1;33;33;MdM 4EME Bulle B circul.;533;100;37;ZDA Mt des M. DM R+1 AU R+7
1;3;1;34;34;MdM 4EME Bulle B circul.;534;110;26;ZDA Mt des M. R+4 DETECTION CIRCUL.
1;3;1;35;35;MdM 4EME Bulle B circul.;535;110;26;ZDA Mt des M. R+4 DETECTION CIRCUL.
1;3;1;36;36;MdM 4EME Bulle B depot;536;111;27;ZDA Mt des M. R+4 DETECTION LOCAUX
1;3;1;37;37;MdM 4EME Bulle C passerelle;537;110;26;ZDA Mt des M. R+4 DETECTION CIRCUL.
1;3;1;38;38;MdM 4EME Bulle C circul.;538;110;26;ZDA Mt des M. R+4 DETECTION CIRCUL.
1;3;1;39;39;MdM 4EME Bulle C circul.;539;110;26;ZDA Mt des M. R+4 DETECTION CIRCUL.
1;3;1;40;40;MdM 4EME Bulle C circul.;540;100;37;ZDA Mt des M. DM R+1 AU R+7
1;3;1;41;41;MdM 4EME Bulle C circul.;541;110;26;ZDA Mt des M. R+4 DETECTION CIRCUL.
1;3;1;42;42;MdM 4EME Bulle C depot;542;111;27;ZDA Mt des M. R+4 DETECTION LOCAUX
1;3;1;43;43;MdM 4EME Bulle A passerelle;543;110;26;ZDA Mt des M. R+4 DETECTION CIRCUL.
1;3;1;44;44;MdM 4EME Bulle A circul.;544;110;26;ZDA Mt des M. R+4 DETECTION CIRCUL.
1;3;1;45;45;MdM 4EME Bulle A circul.;545;100;37;ZDA Mt des M. DM R+1 AU R+7
1;3;1;46;46;MdM 4EME Bulle A circul.;546;110;26;ZDA Mt des M. R+4 DETECTION CIRCUL.
1;3;1;47;47;MdM 4EME Bulle A circul.;547;110;26;ZDA Mt des M. R+4 DETECTION CIRCUL.
1;3;1;48;48;MdM 4EME Bulle A depot;548;111;27;ZDA Mt des M. R+4 DETECTION LOCAUX
1;3;1;49;49;MdM 4EME NC ;549;110;26;ZDA Mt des M. R+4 DETECTION CIRCUL.
1;3;1;50;50;MdM 4EME NC;550;100;37;ZDA Mt des M. DM R+1 AU R+7
1;3;1;51;51;MdM 5EME Bulle B passerelle;551;114;24;ZDA Mt des M. R+5 DETECTION CIRCUL.
1;3;1;52;52;MdM 5EME Bulle B circul.;552;114;24;ZDA Mt des M. R+5 DETECTION CIRCUL.
1;3;1;53;53;MdM 5EME Bulle B circul.;553;100;37;ZDA Mt des M. DM R+1 AU R+7
1;3;1;54;54;MdM 5EME Bulle B circul.;554;114;24;ZDA Mt des M. R+5 DETECTION CIRCUL.
1;3;1;55;55;MdM 5EME Bulle B circul.;555;114;24;ZDA Mt des M. R+5 DETECTION CIRCUL.
1;3;1;56;56;MdM 3EME CCF Bulle B;556;17;101;DEFAUT POSITION ATTENTE CCF AUTHION/Mt M
1;3;1;57;57;MdM 5EME Bulle B depot;557;115;25;ZDA Mt des M. R+5 DETECTION LOCAUX
1;3;1;58;58;MdM 5EME Bulle C passerelle;558;114;24;ZDA Mt des M. R+5 DETECTION CIRCUL.
1;3;1;59;59;MdM 5EME Bulle C circul.;559;114;24;ZDA Mt des M. R+5 DETECTION CIRCUL.
1;3;1;60;60;MdM 5EME Bulle C circul.;560;114;24;ZDA Mt des M. R+5 DETECTION CIRCUL.
1;3;1;62;62;MdM 5EME Bulle C circul.;562;114;24;ZDA Mt des M. R+5 DETECTION CIRCUL.
1;3;1;63;63;MdM 5EME Bulle C depot;563;115;25;ZDA Mt des M. R+5 DETECTION LOCAUX
1;3;1;64;64;MdM 5EME Bulle A passerelle;564;114;24;ZDA Mt des M. R+5 DETECTION CIRCUL.
1;3;1;65;65;MdM 5EME Bulle A circul.;565;114;24;ZDA Mt des M. R+5 DETECTION CIRCUL.
1;3;1;67;67;MdM 3EME CCF Bulle C ;567;17;101;DEFAUT POSITION ATTENTE CCF AUTHION/Mt M
1;3;1;68;68;MdM 5EME Bulle A circul.;568;114;24;ZDA Mt des M. R+5 DETECTION CIRCUL.
1;3;1;69;69;MdM 5EME Bulle A depot;569;115;25;ZDA Mt des M. R+5 DETECTION LOCAUX
1;3;1;70;70;MdM 5EME Bulle A depot;570;115;25;ZDA Mt des M. R+5 DETECTION LOCAUX
1;3;1;71;71;MdM 5EME: Bulle A circul.;571;114;24;ZDA Mt des M. R+5 DETECTION CIRCUL.
1;3;1;72;72;MdM 5EME NC;572;114;24;ZDA Mt des M. R+5 DETECTION CIRCUL.
1;3;1;74;74;MdM 6EME Bulle B passerelle;574;116;22;ZDA Mt des M. R+6 DETECTION CIRCUL.
1;3;1;75;75;MdM 6EME Bulle B circul.;575;116;22;ZDA Mt des M. R+6 DETECTION CIRCUL.
1;3;1;76;76;MdM 6EME Bulle B circul.;576;100;37;ZDA Mt des M. DM R+1 AU R+7
1;3;1;77;77;MdM 6EME Bulle B circul.;577;116;22;ZDA Mt des M. R+6 DETECTION CIRCUL.
1;3;1;78;78;MdM 6EME Bulle B circul.;578;116;22;ZDA Mt des M. R+6 DETECTION CIRCUL.
1;3;1;79;79;MdM 6EME Bulle B depot;579;117;23;ZDA Mt des M. R+6 DETECTION LOCAUX
1;3;1;80;80;MdM 6EME Bulle C passerelle;580;116;22;ZDA Mt des M. R+6 DETECTION CIRCUL.
1;3;1;81;81;MdM 3EME CFF Bulle A ;581;17;101;DEFAUT POSITION ATTENTE CCF AUTHION/Mt M
1;3;1;82;82;MdM 6EME Bulle C circul.;582;116;22;ZDA Mt des M. R+6 DETECTION CIRCUL.
1;3;1;83;83;MdM 4EME CCF Bulle C ;583;17;101;DEFAUT POSITION ATTENTE CCF AUTHION/Mt M
1;3;1;84;84;MdM 6EME Bulle C circul.;584;100;37;ZDA Mt des M. DM R+1 AU R+7
1;3;1;85;85;MdM 6EME Bulle C circul.;585;116;22;ZDA Mt des M. R+6 DETECTION CIRCUL.
1;3;1;86;86;MdM 6EME Bulle C depot;586;117;23;ZDA Mt des M. R+6 DETECTION LOCAUX
1;3;1;87;87;MdM 6EME Bulle C depot;587;117;23;ZDA Mt des M. R+6 DETECTION LOCAUX
1;3;1;88;88;MdM 6EME Bulle C circul.;588;116;22;ZDA Mt des M. R+6 DETECTION CIRCUL.
1;3;1;89;89;MdM 6EME Bulle A passerelle;589;116;22;ZDA Mt des M. R+6 DETECTION CIRCUL.
1;3;1;90;90;MdM 6EME Bulle A circul.;590;116;22;ZDA Mt des M. R+6 DETECTION CIRCUL.
1;3;1;92;92;MdM 6EME Bulle A circul.;592;116;22;ZDA Mt des M. R+6 DETECTION CIRCUL.
1;3;1;93;93;MdM 6EME Bulle A depot;593;117;23;ZDA Mt des M. R+6 DETECTION LOCAUX
1;3;1;94;94;MdM 6EME NC;594;116;22;ZDA Mt des M. R+6 DETECTION CIRCUL.
1;3;1;95;95;MdM 6EME NC;595;100;37;ZDA Mt des M. DM R+1 AU R+7
1;3;1;96;96;MdM 7EME NC mach. asc.;596;118;21;ZDA Mt des M. R+7 DETECTION LOCAUX
1;3;1;97;97;MdM 7EME NC local tech.;597;118;21;ZDA Mt des M. R+7 DETECTION LOCAUX
1;3;1;98;98;MdM 4EME CCF Bulle A;598;17;101;DEFAUT POSITION ATTENTE CCF AUTHION/Mt M
1;3;1;99;99;MdM 5EME CCF Bulle C;599;17;101;DEFAUT POSITION ATTENTE CCF AUTHION/Mt M
1;3;1;100;100;MdM 5EME CCF Bulle A;600;17;101;DEFAUT POSITION ATTENTE CCF AUTHION/Mt M
1;3;1;101;101;MdM 6EME CCF Bulle C;601;17;101;DEFAUT POSITION ATTENTE CCF AUTHION/Mt M
1;3;1;102;102;MdM 6EME CCF Bulle A;602;17;101;DEFAUT POSITION ATTENTE CCF AUTHION/Mt M
1;3;1;103;103;MdM 4EME CCF Bulle B ;603;17;101;DEFAUT POSITION ATTENTE CCF AUTHION/Mt M
1;3;1;104;104;MdM 4EME NC LT VDI;604;111;27;ZDA Mt des M. R+4 DETECTION LOCAUX
1;3;1;105;105;MdM 5EME CCF Bulle B;605;17;101;DEFAUT POSITION ATTENTE CCF AUTHION/Mt M
1;3;1;106;106;MdM 5EME NC LT VDI;606;115;25;ZDA Mt des M. R+5 DETECTION LOCAUX
1;3;1;107;107;MdM 6EME CCF Bulle B ;607;17;101;DEFAUT POSITION ATTENTE CCF AUTHION/Mt M
1;3;1;108;108;MdM 6EME NC LT VDI;608;117;23;ZDA Mt des M. R+6 DETECTION LOCAUX
1;3;1;109;109;MdM 5EME Bulle C circul.;609;100;37;ZDA Mt des M. DM R+1 AU R+7
1;3;1;110;110;MdM 5EME Bulle A circul.;610;100;37;ZDA Mt des M. DM R+1 AU R+7
1;3;1;111;111;MdM 5EME NC;611;100;37;ZDA Mt des M. DM R+1 AU R+7
1;3;1;112;112;MdM 6EME Bulle A circul.;612;100;37;ZDA Mt des M. DM R+1 AU R+7
